symbol,date,open,high,low,close,volume,adjusted
DAL,2021-01-04,40.169998,40.34,38.330002,38.73,15123400,38.73
DAL,2021-01-05,38.490002,40.09,38.450001,39.549999,12317200,39.549999
DAL,2021-01-06,39.639999,40.900002,39.540001,40.380001,12881100,40.380001
DAL,2021-01-07,40.450001,40.950001,40.209999,40.23,9136300,40.23
DAL,2021-01-08,40.41,40.689999,39.77,40.02,9497500,40.02
DAL,2021-01-11,39.080002,39.990002,38.900002,39.41,11748800,39.41
DAL,2021-01-12,39.689999,40.41,39.16,40.299999,9725000,40.299999
DAL,2021-01-13,40.009998,40.740002,39.630001,40.450001,10852500,40.450001
DAL,2021-01-14,41.209999,42.639999,41.119999,41.470001,17658300,41.470001
DAL,2021-01-15,41.669998,41.669998,39.959999,39.98,15465500,39.98
DAL,2021-01-19,40.310001,40.650002,39.799999,40.310001,11530700,40.310001
DAL,2021-01-20,40.689999,41.77,40.5,41.619999,11335700,41.619999
DAL,2021-01-21,41.310001,41.43,40.169998,40.669998,11134200,40.669998
DAL,2021-01-22,40,40.27,39.810001,40,11310100,40
DAL,2021-01-25,39.630001,39.75,38.419998,38.900002,15964900,38.900002
DAL,2021-01-26,39.259998,39.639999,38.98,39.32,10599400,39.32
DAL,2021-01-27,38.630001,39.23,38.16,38.52,16953400,38.52
DAL,2021-01-28,39.549999,40.369999,38.990002,40.080002,21654000,40.080002
DAL,2021-01-29,39.27,39.830002,37.740002,37.959999,17989700,37.959999
DAL,2021-02-01,38.349998,38.439999,37.419998,37.82,10332900,37.82
DAL,2021-02-02,38.549999,38.880001,37.990002,38.799999,11854300,38.799999
DAL,2021-02-03,38.869999,39.900002,38.700001,39.779999,12416000,39.779999
DAL,2021-02-04,39.950001,41.07,39.939999,40.93,11431800,40.93
DAL,2021-02-05,41.380001,41.400002,40.75,41.150002,10111900,41.150002
DAL,2021-02-08,41.549999,43.459999,41.360001,43.240002,18296300,43.240002
DAL,2021-02-09,42.959999,42.959999,41.810001,42.509998,10432100,42.509998
DAL,2021-02-10,42.84,43.220001,42.16,42.900002,12011100,42.900002
DAL,2021-02-11,42.700001,43.139999,42,42.720001,8549200,42.720001
DAL,2021-02-12,42.509998,43.939999,42.41,43.290001,11490100,43.290001
DAL,2021-02-16,43.990002,44.810001,43.779999,44.650002,13775500,44.650002
DAL,2021-02-17,44.279999,44.5,43.540001,44.389999,10934400,44.389999
DAL,2021-02-18,43.799999,44.549999,43.369999,44.380001,8747800,44.380001
DAL,2021-02-19,44.619999,46.220001,44.549999,45.669998,14587700,45.669998
DAL,2021-02-22,46.75,48.93,46.470001,47.740002,21573500,47.740002
DAL,2021-02-23,48.130001,48.880001,45.700001,48.34,19193800,48.34
DAL,2021-02-24,48.93,50.200001,48.619999,49.599998,17020900,49.599998
DAL,2021-02-25,49.970001,50,47.23,48.25,15729800,48.25
DAL,2021-02-26,47.700001,49.139999,47.279999,47.939999,14828000,47.939999
DAL,2021-03-01,49.470001,49.959999,48.060001,48.060001,13812900,48.060001
DAL,2021-03-02,48.099998,48.68,47.380001,48.23,11566800,48.23
DAL,2021-03-03,48.619999,49.09,48.139999,48.349998,13642700,48.349998
DAL,2021-03-04,48.32,48.41,45.32,46.959999,18062500,46.959999
DAL,2021-03-05,46.91,47,43.009998,46.209999,20611800,46.209999
DAL,2021-03-08,46.93,48.220001,46.700001,47.880001,17273000,47.880001
DAL,2021-03-09,47.959999,48.080002,46.34,47.619999,11710100,47.619999
DAL,2021-03-10,47.650002,48.580002,47.16,47.799999,10719300,47.799999
DAL,2021-03-11,48.209999,48.959999,47.580002,48.32,11318600,48.32
DAL,2021-03-12,48.349998,49.860001,48.080002,49.830002,15891800,49.830002
DAL,2021-03-15,50.860001,52.279999,50.75,50.990002,19673700,50.990002
DAL,2021-03-16,51.040001,51.139999,49.029999,49.389999,14281500,49.389999
DAL,2021-03-17,49.029999,50.639999,49.009998,50.439999,13694400,50.439999
DAL,2021-03-18,50.080002,50.98,48.93,49.18,13410100,49.18
DAL,2021-03-19,49.040001,49.209999,47.830002,49,12123600,49
DAL,2021-03-22,48.529999,48.619999,47.75,47.970001,10911100,47.970001
DAL,2021-03-23,47.02,47.830002,45.450001,45.639999,13616800,45.639999
DAL,2021-03-24,46.540001,47.400002,45.560001,45.610001,12120800,45.610001
DAL,2021-03-25,44.790001,47.220001,44.52,47.009998,14469100,47.009998
DAL,2021-03-26,47.5,47.939999,46.560001,47.66,12361400,47.66
DAL,2021-03-29,47.66,48.099998,46.709999,47.32,9824200,47.32
DAL,2021-03-30,47.700001,49.040001,47.419998,48.900002,10787500,48.900002
DAL,2021-03-31,48.799999,49.02,48.110001,48.279999,9469200,48.279999
DAL,2021-04-01,48.59,49.209999,48.279999,48.830002,9570000,48.830002
DAL,2021-04-05,49.580002,50.98,49.470001,50.25,14599900,50.25
DAL,2021-04-06,50.700001,51.810001,50.540001,51.650002,14652500,51.650002
DAL,2021-04-07,51.799999,51.82,50.029999,50.200001,12244300,50.200001
DAL,2021-04-08,49.75,50.209999,49.139999,49.810001,13546900,49.810001
DAL,2021-04-09,49.810001,49.810001,48.830002,49.27,9785400,49.27
DAL,2021-04-12,49.060001,49.139999,48.169998,48.82,11070300,48.82
DAL,2021-04-13,47.450001,48.5,46.57,48.259998,18287600,48.259998
DAL,2021-04-14,49.07,49.5,47.919998,48.169998,12520400,48.169998
DAL,2021-04-15,48.860001,49.049999,46.150002,46.82,22267900,46.82
DAL,2021-04-16,47,47.43,46.34,46.639999,12236400,46.639999
DAL,2021-04-19,46.43,46.470001,45.630001,46.150002,9579400,46.150002
DAL,2021-04-20,45.5,45.52,43.759998,44.450001,15627800,44.450001
DAL,2021-04-21,44,45.740002,43.34,45.700001,16267100,45.700001
DAL,2021-04-22,46.060001,46.330002,44.630001,44.650002,17303200,44.650002
DAL,2021-04-23,44.810001,45.939999,44.450001,45.799999,9162700,45.799999
DAL,2021-04-26,46.5,47.099998,46.119999,46.610001,11260000,46.610001
DAL,2021-04-27,46.66,46.740002,46.09,46.34,8151600,46.34
DAL,2021-04-28,46.25,46.75,46.09,46.439999,7209200,46.439999
DAL,2021-04-29,46.91,47.009998,46.060001,46.380001,8222300,46.380001
DAL,2021-04-30,46.029999,47.080002,45.900002,46.919998,9175200,46.919998
DAL,2021-05-03,47.189999,47.23,46.080002,46.57,9382600,46.57
DAL,2021-05-04,46.25,46.41,44.080002,44.66,14790400,44.66
DAL,2021-05-05,44.700001,45.810001,44.560001,45.200001,10700100,45.200001
DAL,2021-05-06,45.16,45.509998,44.16,44.93,9665700,44.93
DAL,2021-05-07,44.869999,46.349998,44.77,46.110001,11195100,46.110001
DAL,2021-05-10,46.299999,46.77,45.41,45.43,9054200,45.43
DAL,2021-05-11,44.25,45.049999,43.610001,44.52,14139100,44.52
DAL,2021-05-12,44.139999,44.740002,42.939999,43.029999,12187300,43.029999
DAL,2021-05-13,43.400002,44.299999,42.939999,43.970001,11778100,43.970001
DAL,2021-05-14,44.939999,46.439999,44.810001,46.310001,11537500,46.310001
DAL,2021-05-17,46,46.830002,45.259998,46.75,11077700,46.75
DAL,2021-05-18,46.950001,47.799999,46.389999,46.73,10684000,46.73
DAL,2021-05-19,45.91,46.290001,45.130001,46.139999,11545800,46.139999
DAL,2021-05-20,46.349998,46.369999,44.91,45.41,12341700,45.41
DAL,2021-05-21,45.700001,46,45.110001,45.209999,9894400,45.209999
DAL,2021-05-24,45.57,46.279999,45.009998,46.169998,8409100,46.169998
DAL,2021-05-25,47.41,48.16,46.509998,46.669998,14657000,46.669998
DAL,2021-05-26,47.049999,47.57,46.810001,47.490002,9746200,47.490002
DAL,2021-05-27,48,48.200001,47.25,48.049999,8680700,48.049999
DAL,2021-05-28,48.049999,48.060001,47.25,47.68,8370300,47.68
DAL,2021-06-01,48.130001,48.540001,47.43,47.700001,11986200,47.700001
DAL,2021-06-02,48,48.279999,47.419998,47.77,9108600,47.77
DAL,2021-06-03,47.360001,47.380001,46.07,46.130001,11555600,46.130001
DAL,2021-06-04,46.540001,46.73,45.68,45.98,7699400,45.98
DAL,2021-06-07,45.990002,46.380001,45.889999,46.080002,6120200,46.080002
DAL,2021-06-08,47.259998,47.380001,46.380001,47.040001,10714100,47.040001
DAL,2021-06-09,47.349998,47.400002,46.48,46.52,6741200,46.52
DAL,2021-06-10,47.200001,47.439999,45.990002,46.279999,9780800,46.279999
DAL,2021-06-11,46.07,46.630001,46,46.5,8216100,46.5
DAL,2021-06-14,46.330002,46.790001,45.720001,45.900002,11184200,45.900002
DAL,2021-06-15,45.91,46.279999,45.310001,45.529999,7898500,45.529999
DAL,2021-06-16,45.57,45.990002,45.130001,45.52,8565500,45.52
DAL,2021-06-17,45.529999,46.049999,44.25,44.57,10144600,44.57
DAL,2021-06-18,44.439999,45.380001,43.950001,44.959999,15219300,44.959999
DAL,2021-06-21,45.040001,45.779999,44.82,45.77,9861400,45.77
DAL,2021-06-22,45.77,45.790001,44.869999,45.369999,8499800,45.369999
DAL,2021-06-23,45.360001,45.610001,45.009998,45.27,7406100,45.27
DAL,2021-06-24,45.57,45.639999,44.59,44.91,9300300,44.91
DAL,2021-06-25,44.919998,44.98,44.259998,44.43,23930400,44.43
DAL,2021-06-28,44.099998,44.099998,42.580002,43.119999,17441500,43.119999
DAL,2021-06-29,43,43.48,42.810001,42.869999,9477800,42.869999
DAL,2021-06-30,42.830002,43.59,42.810001,43.259998,7845500,43.259998
DAL,2021-07-01,43.5,44.419998,43.5,44.23,9873800,44.23
DAL,2021-07-02,44.09,44.299999,43.720001,44.150002,5759900,44.150002
DAL,2021-07-06,44.310001,44.540001,43,43.240002,7881000,43.240002
DAL,2021-07-07,42.950001,43.470001,41.950001,42.540001,11858300,42.540001
DAL,2021-07-08,41.720001,42.799999,41.119999,42.07,10363900,42.07
DAL,2021-07-09,42.470001,43.200001,42.299999,42.919998,7707100,42.919998
DAL,2021-07-12,42.369999,43.380001,42.029999,42.849998,10626000,42.849998
DAL,2021-07-13,42.299999,42.549999,41.189999,41.330002,14610400,41.330002
DAL,2021-07-14,41.529999,42.200001,40.119999,40.68,31085700,40.68
DAL,2021-07-15,41.189999,42.27,40.68,41.349998,20896300,41.349998
DAL,2021-07-16,41.830002,42.049999,39.84,40.060001,16726600,40.060001
DAL,2021-07-19,38.27,39,37.560001,38.560001,27073800,38.560001
DAL,2021-07-20,38.630001,40.82,38.43,40.66,17690600,40.66
DAL,2021-07-21,41.009998,42.200001,41,41.610001,19145300,41.610001
DAL,2021-07-22,41.34,41.560001,40.41,41.060001,10850600,41.060001
DAL,2021-07-23,41.32,41.630001,40.32,40.41,10101600,40.41
DAL,2021-07-26,40.34,41.700001,40.310001,41.669998,10014900,41.669998
DAL,2021-07-27,41.360001,41.490002,40.5,40.959999,10508200,40.959999
DAL,2021-07-28,41.369999,41.650002,40.630001,41.299999,7538600,41.299999
DAL,2021-07-29,41.439999,41.630001,40.950001,41.23,8357400,41.23
DAL,2021-07-30,40.650002,41.060001,39.75,39.900002,12180800,39.900002
DAL,2021-08-02,40.040001,40.970001,39.400002,39.450001,11084800,39.450001
DAL,2021-08-03,39.5,39.849998,38.549999,39.77,14670600,39.77
DAL,2021-08-04,39.150002,39.48,37.900002,38.349998,23023700,38.349998
DAL,2021-08-05,38.490002,40.16,38.470001,39.990002,15652400,39.990002
DAL,2021-08-06,40.540001,40.68,39.48,40.32,11707800,40.32
DAL,2021-08-09,40.02,40.02,38.75,39.290001,10985000,39.290001
DAL,2021-08-10,39.349998,41.029999,39.209999,40.459999,13745300,40.459999
DAL,2021-08-11,40,41.299999,39.68,41.299999,12452000,41.299999
DAL,2021-08-12,41,41.130001,40.049999,40.529999,9802100,40.529999
DAL,2021-08-13,40.310001,40.57,39.790001,39.900002,7192600,39.900002
DAL,2021-08-16,39.450001,40.02,38.880001,39.93,10923400,39.93
DAL,2021-08-17,39.25,39.459999,38.279999,38.779999,11442000,38.779999
DAL,2021-08-18,38.689999,39.470001,38.400002,38.650002,8612300,38.650002
DAL,2021-08-19,38.43,38.529999,37.310001,37.93,12294000,37.93
DAL,2021-08-20,37.990002,38.25,37.75,38.119999,8203100,38.119999
DAL,2021-08-23,38.790001,39.330002,38.630001,39.209999,8584700,39.209999
DAL,2021-08-24,39.860001,40.869999,39.82,40.529999,10805000,40.529999
DAL,2021-08-25,40.59,41.439999,40.16,41.299999,12455900,41.299999
DAL,2021-08-26,41.110001,41.48,40.279999,40.77,10032900,40.77
DAL,2021-08-27,40.849998,41.75,40.82,41.52,7926500,41.52
DAL,2021-08-30,41.75,41.799999,39.880001,39.91,11882100,39.91
DAL,2021-08-31,39.73,40.59,39.619999,40.439999,8627200,40.439999
DAL,2021-09-01,40.57,40.580002,39.880001,40.400002,8434600,40.400002
DAL,2021-09-02,40.450001,41.060001,39.860001,40.82,9345500,40.82
DAL,2021-09-03,40.799999,41.189999,40.150002,40.25,6644300,40.25
DAL,2021-09-07,40.18,40.52,39.84,40.349998,8233900,40.349998
DAL,2021-09-08,40.400002,40.919998,39.599998,39.650002,7156100,39.650002
DAL,2021-09-09,39.619999,41.77,39.450001,41.09,15509400,41.09
DAL,2021-09-10,41.049999,41.130001,39.349998,39.360001,12492400,39.360001
DAL,2021-09-13,39.700001,40.18,38.799999,40.18,11556300,40.18
DAL,2021-09-14,39.84,40.18,39.220001,39.439999,8837700,39.439999
DAL,2021-09-15,39.25,39.700001,38.82,39.639999,8175800,39.639999
DAL,2021-09-16,39.869999,40.669998,39.68,40.220001,9485200,40.220001
DAL,2021-09-17,40.549999,40.990002,39.790001,40.110001,11011500,40.110001
DAL,2021-09-20,40.549999,40.84,39.419998,40.779999,16633900,40.779999
DAL,2021-09-21,41.049999,41.740002,40.139999,40.360001,11837600,40.360001
DAL,2021-09-22,40.68,41.950001,40.68,41.59,11599300,41.59
DAL,2021-09-23,41.900002,42.77,41.720001,42.59,12651000,42.59
DAL,2021-09-24,42.84,43.740002,42.669998,43.529999,13478500,43.529999
DAL,2021-09-27,43.900002,45.060001,43.75,43.779999,14467500,43.779999
DAL,2021-09-28,43.66,44.209999,43.310001,43.439999,9434700,43.439999
DAL,2021-09-29,43.689999,43.990002,42.75,43.360001,9141100,43.360001
DAL,2021-09-30,43.060001,43.080002,42.369999,42.610001,9789200,42.610001
DAL,2021-10-01,43.950001,45.650002,43.889999,45.380001,19205700,45.380001
DAL,2021-10-04,45.790001,46,44.810001,44.959999,13342500,44.959999
DAL,2021-10-05,44.990002,45.560001,44.459999,44.740002,9596000,44.740002
DAL,2021-10-06,43.709999,44.139999,43.220001,44.02,10145800,44.02
DAL,2021-10-07,44.52,44.580002,43.52,43.68,8881200,43.68
DAL,2021-10-08,43.790001,43.799999,43.09,43.380001,7332700,43.380001
DAL,2021-10-11,42.990002,43.939999,42.720001,43.189999,9085700,43.189999
DAL,2021-10-12,43.040001,43.810001,42.77,43.540001,10515200,43.540001
DAL,2021-10-13,42.740002,42.740002,40.889999,41.029999,28236900,41.029999
DAL,2021-10-14,41.18,41.490002,40.880001,41.200001,16285400,41.200001
DAL,2021-10-15,41.889999,42.27,40.950001,40.990002,13842000,40.990002
DAL,2021-10-18,40.669998,41.41,40.52,41.009998,10140200,41.009998
DAL,2021-10-19,41.029999,41.07,40.34,40.450001,11314400,40.450001
DAL,2021-10-20,40.150002,41.07,39.91,40.299999,15162600,40.299999
DAL,2021-10-21,40.5,40.75,40.02,40.400002,10694400,40.400002
DAL,2021-10-22,40.009998,40.389999,39.650002,39.740002,9454300,39.740002
UAL,2021-01-04,43.68,43.700001,41.43,41.630001,14710200,41.630001
UAL,2021-01-05,41.580002,43.599998,41.5,43.400002,12294500,43.400002
UAL,2021-01-06,43.599998,44.279999,42.860001,43.540001,12318900,43.540001
UAL,2021-01-07,43.799999,44.84,43.610001,43.619999,9592900,43.619999
UAL,2021-01-08,43.580002,44,43.02,43.290001,9215300,43.290001
UAL,2021-01-11,42.669998,43.259998,42.25,42.700001,8973200,42.700001
UAL,2021-01-12,42.810001,44.169998,42.459999,44.080002,9053100,44.080002
UAL,2021-01-13,44.169998,44.639999,43.439999,44.43,11390200,44.43
UAL,2021-01-14,45.32,46.799999,45.32,46.290001,16310500,46.290001
UAL,2021-01-15,45.849998,45.98,43.880001,43.889999,13211500,43.889999
UAL,2021-01-19,44.599998,44.900002,43.77,44.75,9706300,44.75
UAL,2021-01-20,45.040001,45.650002,44.41,45.18,11661300,45.18
UAL,2021-01-21,43.799999,43.98,41.720001,42.59,32158200,42.59
UAL,2021-01-22,41.950001,42.290001,41.610001,42.139999,13545000,42.139999
UAL,2021-01-25,41.540001,41.73,39.900002,40.380001,20281900,40.380001
UAL,2021-01-26,40.799999,41.389999,40.560001,41.25,13388600,41.25
UAL,2021-01-27,40.740002,41.650002,40.310001,40.91,15280000,40.91
UAL,2021-01-28,42.830002,44.200001,41.619999,42.549999,22175000,42.549999
UAL,2021-01-29,42.110001,42.5,39.77,39.990002,24192600,39.990002
UAL,2021-02-01,40.349998,40.41,39.169998,39.939999,13143400,39.939999
UAL,2021-02-02,40.630001,40.91,39.939999,40.830002,13118600,40.830002
UAL,2021-02-03,41.02,42.200001,40.52,42.040001,15174800,42.040001
UAL,2021-02-04,42.150002,42.610001,41.84,42.41,13633800,42.41
UAL,2021-02-05,42.880001,42.939999,41.939999,42.139999,10764300,42.139999
UAL,2021-02-08,42.5,44.639999,42.220001,44.349998,19794300,44.349998
UAL,2021-02-09,44.060001,44.09,42.82,43.32,11967200,43.32
UAL,2021-02-10,43.860001,44.220001,43.360001,43.779999,9772500,43.779999
UAL,2021-02-11,43.639999,43.84,42.990002,43.439999,8478100,43.439999
UAL,2021-02-12,43.110001,44.470001,42.900002,43.939999,8987500,43.939999
UAL,2021-02-16,45.07,45.810001,44.560001,45.709999,13954900,45.709999
UAL,2021-02-17,45.41,46.48,44.720001,46.080002,12821500,46.080002
UAL,2021-02-18,45.200001,45.439999,44.299999,44.959999,10250400,44.959999
UAL,2021-02-19,45.52,48.360001,45.439999,48.029999,21112000,48.029999
UAL,2021-02-22,49.259998,51.82,48.349998,49.700001,27547900,49.700001
UAL,2021-02-23,50.200001,51.18,46.959999,50.610001,20125000,50.610001
UAL,2021-02-24,51.110001,55.869999,50.869999,54.959999,27482100,54.959999
UAL,2021-02-25,54.849998,55,50.419998,51.779999,25950000,51.779999
UAL,2021-02-26,51.509998,53.41,51.200001,52.68,18330200,52.68
UAL,2021-03-01,55.439999,55.93,52.779999,53.310001,19500600,53.310001
UAL,2021-03-02,53.66,54.049999,52.75,53.209999,12371000,53.209999
UAL,2021-03-03,53.610001,55.200001,53.279999,54.57,18438900,54.57
UAL,2021-03-04,54.639999,54.849998,49.950001,52.049999,19937500,52.049999
UAL,2021-03-05,52.650002,52.73,46.560001,50.52,21503200,50.52
UAL,2021-03-08,51.349998,54.330002,51.34,54.060001,17589000,54.060001
UAL,2021-03-09,53.810001,54.16,51.799999,53.43,15292800,53.43
UAL,2021-03-10,53.400002,54.369999,52.849998,53.919998,13438900,53.919998
UAL,2021-03-11,54.299999,55.869999,53.369999,54.060001,17140800,54.060001
UAL,2021-03-12,54,56.439999,53.610001,56.290001,19762500,56.290001
UAL,2021-03-15,58.25,61.689999,57.919998,60.939999,35290100,60.939999
UAL,2021-03-16,61.110001,61.200001,59.209999,59.810001,18306400,59.810001
UAL,2021-03-17,59.110001,62.560001,58.860001,62.450001,18338000,62.450001
UAL,2021-03-18,62.169998,63.700001,60.580002,60.82,19105700,60.82
UAL,2021-03-19,60.900002,60.950001,58.639999,60.77,19643800,60.77
UAL,2021-03-22,59.75,60.200001,58.209999,58.330002,12958300,58.330002
UAL,2021-03-23,57.110001,58.080002,53.849998,54.360001,21698200,54.360001
UAL,2021-03-24,55.66,56.959999,53.779999,53.830002,18015800,53.830002
UAL,2021-03-25,52.91,56.290001,52.029999,56.049999,21500100,56.049999
UAL,2021-03-26,57.09,57.369999,55.220001,56.830002,15432400,56.830002
UAL,2021-03-29,56.799999,57.310001,55.41,56.200001,12083000,56.200001
UAL,2021-03-30,56.779999,58.5,56.48,58.209999,12708900,58.209999
UAL,2021-03-31,58,58.009998,57.060001,57.540001,11023800,57.540001
UAL,2021-04-01,57.66,58.549999,57.279999,57.82,10932200,57.82
UAL,2021-04-05,59.34,60.889999,58.939999,59.290001,17175700,59.290001
UAL,2021-04-06,59.880001,60.419998,58.869999,59.48,11917200,59.48
UAL,2021-04-07,59.790001,61.34,59.189999,59.57,13772600,59.57
UAL,2021-04-08,59.139999,59.470001,57.75,59.43,13655800,59.43
UAL,2021-04-09,59.02,59.360001,57.790001,58.43,10896100,58.43
UAL,2021-04-12,57.57,57.709999,55.290001,56.16,18714700,56.16
UAL,2021-04-13,54.41,56.860001,53.900002,56.66,15349400,56.66
UAL,2021-04-14,57.459999,58.52,56.540001,56.919998,12971100,56.919998
UAL,2021-04-15,57.790001,57.849998,55.57,56.119999,12123400,56.119999
UAL,2021-04-16,56.470001,57.150002,55.709999,55.869999,10620400,55.869999
UAL,2021-04-19,55.790001,55.970001,54.740002,54.990002,13984400,54.990002
UAL,2021-04-20,53.470001,53.790001,49.470001,50.299999,44364800,50.299999
UAL,2021-04-21,49.880001,51.889999,48.900002,51.860001,21085600,51.860001
UAL,2021-04-22,52.34,53.09,50.880001,51.029999,20538200,51.029999
UAL,2021-04-23,51.209999,53.349998,50.639999,53.110001,13841100,53.110001
UAL,2021-04-26,54.049999,54.470001,53.220001,53.779999,12358800,53.779999
UAL,2021-04-27,53.779999,54.119999,53.189999,53.48,10331500,53.48
UAL,2021-04-28,53.25,54.040001,52.970001,53.549999,11536000,53.549999
UAL,2021-04-29,54.099998,54.32,53.119999,53.689999,9804800,53.689999
UAL,2021-04-30,53.220001,54.91,53.130001,54.400002,11144000,54.400002
UAL,2021-05-03,54.669998,54.869999,53.610001,54.459999,9912900,54.459999
UAL,2021-05-04,54.09,54.470001,51.73,52.799999,13673200,52.799999
UAL,2021-05-05,52.75,53.959999,52.439999,53.27,11151300,53.27
UAL,2021-05-06,53.43,53.77,52.099998,53.049999,10524400,53.049999
UAL,2021-05-07,52.93,54.959999,52.689999,54.73,11819900,54.73
UAL,2021-05-10,54.950001,55.610001,54,54.029999,10852900,54.029999
UAL,2021-05-11,52.040001,53.169998,51.200001,52.700001,15065900,52.700001
UAL,2021-05-12,52.119999,53.080002,50.900002,51.009998,12728700,51.009998
UAL,2021-05-13,51.419998,52.73,51.07,52.43,13363900,52.43
UAL,2021-05-14,53.400002,55.509998,53.290001,55.279999,14499200,55.279999
UAL,2021-05-17,55.009998,56.73,54.259998,56.57,17529900,56.57
UAL,2021-05-18,57.080002,57.75,55.950001,56.380001,13706200,56.380001
UAL,2021-05-19,55.080002,56.27,54.48,55.790001,15121600,55.790001
UAL,2021-05-20,56,56,54.209999,55.09,11702500,55.09
UAL,2021-05-21,55.450001,55.970001,55.119999,55.299999,10527400,55.299999
UAL,2021-05-24,56,56.34,54.919998,56.139999,9470700,56.139999
UAL,2021-05-25,57.650002,59.290001,56.779999,56.98,23605700,56.98
UAL,2021-05-26,57.75,58.43,57.23,58.009998,11697300,58.009998
UAL,2021-05-27,58.59,59.23,57.869999,59.130001,12307500,59.130001
UAL,2021-05-28,58.950001,59.200001,57.959999,58.349998,14357300,58.349998
UAL,2021-06-01,59.119999,60.41,58.959999,59.669998,14321100,59.669998
UAL,2021-06-02,60.150002,60.59,59.610001,60.290001,12089200,60.290001
UAL,2021-06-03,59.599998,59.599998,57.68,57.73,13746500,57.73
UAL,2021-06-04,58.299999,58.400002,56.720001,56.93,13622800,56.93
UAL,2021-06-07,57.34,57.970001,57.02,57.299999,8915000,57.299999
UAL,2021-06-08,57.900002,58.119999,56.830002,57.73,10778000,57.73
UAL,2021-06-09,57.990002,58.009998,57.169998,57.23,8151500,57.23
UAL,2021-06-10,57.599998,58.07,55.93,56.259998,11664000,56.259998
UAL,2021-06-11,56.16,56.830002,56.099998,56.52,9780500,56.52
UAL,2021-06-14,56.630001,57,55.540001,55.740002,8248500,55.740002
UAL,2021-06-15,55.740002,56.02,54.919998,55.290001,7542000,55.290001
UAL,2021-06-16,55.18,56.099998,54.98,55.599998,9952000,55.599998
UAL,2021-06-17,55.77,56.41,53.48,54.240002,12509900,54.240002
UAL,2021-06-18,53.869999,55.380001,53.540001,54.919998,12490700,54.919998
UAL,2021-06-21,55.240002,55.880001,54.549999,55.689999,10891600,55.689999
UAL,2021-06-22,55.490002,55.57,54.099998,55.169998,9819700,55.169998
UAL,2021-06-23,55.130001,55.490002,54.900002,55.119999,9957500,55.119999
UAL,2021-06-24,55.110001,55.389999,53.959999,54.34,11548600,54.34
UAL,2021-06-25,54.52,54.57,53.720001,53.880001,12256400,53.880001
UAL,2021-06-28,53.5,53.509998,51.669998,52.490002,19098800,52.490002
UAL,2021-06-29,52.66,53.080002,52.029999,52.150002,12598300,52.150002
UAL,2021-06-30,52.27,52.959999,51.869999,52.290001,9244500,52.290001
UAL,2021-07-01,52.790001,53.759998,52.689999,53.080002,8577600,53.080002
UAL,2021-07-02,53.169998,53.169998,52.09,52.77,9205500,52.77
UAL,2021-07-06,52.68,53.209999,51.02,51.439999,10652300,51.439999
UAL,2021-07-07,51.040001,51.869999,49.779999,50.299999,12719100,50.299999
UAL,2021-07-08,49.080002,50.52,48.57,49.66,13207800,49.66
UAL,2021-07-09,50.330002,51.32,49.970001,51.099998,9914700,51.099998
UAL,2021-07-12,50.330002,51.02,49.439999,50.619999,11567200,50.619999
UAL,2021-07-13,49.759998,50.040001,48.380001,48.5,14287200,48.5
UAL,2021-07-14,49.040001,49.959999,47.869999,48.16,14949300,48.16
UAL,2021-07-15,47.900002,48.630001,46.959999,47.709999,12331800,47.709999
UAL,2021-07-16,48.450001,48.48,45.830002,46.009998,13760700,46.009998
UAL,2021-07-19,43.700001,44.650002,42.560001,43.459999,26444000,43.459999
UAL,2021-07-20,43.549999,46.459999,43.07,46.32,21894000,46.32
UAL,2021-07-21,47.119999,48.939999,46.990002,48.099998,23048300,48.099998
UAL,2021-07-22,47.689999,48.700001,46.799999,47.950001,12922300,47.950001
UAL,2021-07-23,48.139999,48.48,47.16,47.529999,9491300,47.529999
UAL,2021-07-26,47.5,49.529999,47.400002,49.459999,10775300,49.459999
UAL,2021-07-27,49.110001,49.57,48.09,48.650002,10559900,48.650002
UAL,2021-07-28,49.080002,49.509998,48.040001,49.139999,9772500,49.139999
UAL,2021-07-29,49.580002,49.599998,48.459999,48.490002,7643600,48.490002
UAL,2021-07-30,47.689999,48.23,46.490002,46.720001,12057700,46.720001
UAL,2021-08-02,46.849998,48.23,45.950001,46.07,10995900,46.07
UAL,2021-08-03,46.119999,46.57,44.610001,46.540001,12597000,46.540001
UAL,2021-08-04,45.52,46.650002,44.900002,45.279999,12205000,45.279999
UAL,2021-08-05,45.52,47.669998,45.380001,47.240002,12644600,47.240002
UAL,2021-08-06,47.720001,48.130001,46.580002,47.619999,9910400,47.619999
UAL,2021-08-09,46.990002,47,45.529999,46.450001,13064800,46.450001
UAL,2021-08-10,46.369999,48.240002,46.169998,47.68,12551700,47.68
UAL,2021-08-11,47.139999,48.41,46.459999,48.209999,12779300,48.209999
UAL,2021-08-12,47.91,48.009998,46.549999,47.240002,9307300,47.240002
UAL,2021-08-13,47.080002,47.380001,46.27,46.490002,7563100,46.490002
UAL,2021-08-16,45.619999,46.549999,45.16,46.299999,8402500,46.299999
UAL,2021-08-17,45.439999,45.799999,44.52,45.290001,9745500,45.290001
UAL,2021-08-18,45.119999,45.990002,44.709999,45.040001,9460700,45.040001
UAL,2021-08-19,44.77,44.900002,43.169998,43.93,12360700,43.93
UAL,2021-08-20,43.790001,44.32,43.48,44.029999,9855900,44.029999
UAL,2021-08-23,44.639999,45.630001,44.32,45.529999,8269200,45.529999
UAL,2021-08-24,46.34,47.560001,46.279999,47.119999,10048000,47.119999
UAL,2021-08-25,47.299999,47.939999,46.540001,47.59,9772300,47.59
UAL,2021-08-26,47.299999,48.02,46.400002,47.009998,8604000,47.009998
UAL,2021-08-27,47.169998,48.220001,47.029999,47.709999,6816100,47.709999
UAL,2021-08-30,48.009998,48.009998,45.709999,45.91,11376100,45.91
UAL,2021-08-31,45.73,46.830002,45.610001,46.509998,8884200,46.509998
UAL,2021-09-01,46.75,46.93,45.950001,46.189999,8608000,46.189999
UAL,2021-09-02,46.279999,47.490002,45.869999,46.759998,9780100,46.759998
UAL,2021-09-03,46.599998,47.360001,45.919998,46.220001,7705300,46.220001
UAL,2021-09-07,46.02,46.779999,45.68,46.57,7802500,46.57
UAL,2021-09-08,46.700001,47.189999,45.419998,45.529999,9053400,45.529999
UAL,2021-09-09,45.240002,47.740002,45.07,46.580002,12872300,46.580002
UAL,2021-09-10,46.82,46.82,44.18,44.34,17476100,44.34
UAL,2021-09-13,44.73,45.18,43.57,44.84,14173600,44.84
UAL,2021-09-14,44.630001,44.93,43.580002,43.869999,10762800,43.869999
UAL,2021-09-15,43.650002,43.91,43.02,43.860001,10321600,43.860001
UAL,2021-09-16,43.860001,45.41,43.849998,44.470001,12204300,44.470001
UAL,2021-09-17,44.779999,45.5,44.110001,44.540001,11743900,44.540001
UAL,2021-09-20,44.759998,45.34,43.59,45.27,14700300,45.27
UAL,2021-09-21,45.5,46.259998,44.279999,44.450001,12217700,44.450001
UAL,2021-09-22,44.849998,46.290001,44.830002,45.68,13783000,45.68
UAL,2021-09-23,46.18,47.830002,46.099998,47.470001,13703500,47.470001
UAL,2021-09-24,47.380001,48.950001,47.380001,48.790001,12236400,48.790001
UAL,2021-09-27,49.509998,50.560001,48.98,49.080002,14094300,49.080002
UAL,2021-09-28,49.02,49.669998,48.349998,48.68,9820600,48.68
UAL,2021-09-29,48.880001,49.41,47.779999,48.709999,9791600,48.709999
UAL,2021-09-30,48.380001,48.400002,47.18,47.57,12016500,47.57
UAL,2021-10-01,48.900002,51.48,48.880001,51.34,21464900,51.34
UAL,2021-10-04,51.759998,52.43,50.98,51.299999,13986700,51.299999
UAL,2021-10-05,51.360001,51.860001,50.369999,50.880001,9828100,50.880001
UAL,2021-10-06,49.849998,50.279999,49.060001,50.220001,9995900,50.220001
UAL,2021-10-07,50.869999,50.900002,49.209999,49.52,10812100,49.52
UAL,2021-10-08,49.5,49.650002,48.650002,49.16,7338500,49.16
UAL,2021-10-11,48.75,49.98,48.23,49.18,8145100,49.18
UAL,2021-10-12,49.09,50.139999,48.669998,49.669998,7402300,49.669998
UAL,2021-10-13,49.369999,49.41,47.459999,47.880001,13271500,47.880001
UAL,2021-10-14,48.330002,48.650002,47.830002,47.91,7435000,47.91
UAL,2021-10-15,48.630001,49.290001,47.939999,48,8516900,48
UAL,2021-10-18,47.700001,48.130001,47.150002,47.169998,9126800,47.169998
UAL,2021-10-19,47.200001,47.25,46.080002,46.220001,14646400,46.220001
UAL,2021-10-20,46.900002,46.900002,45.580002,45.950001,19751200,45.950001
UAL,2021-10-21,46.18,47.18,45.98,46.720001,13252600,46.720001
UAL,2021-10-22,46.119999,47.380001,46.119999,46.73,8552400,46.73
AAL,2021-01-04,15.85,15.88,15.03,15.13,69732500,15.13
AAL,2021-01-05,14.92,15.63,14.87,15.43,53368200,15.43
AAL,2021-01-06,15.45,15.8,15.17,15.52,63708000,15.52
AAL,2021-01-07,15.67,15.87,15.38,15.38,48187900,15.38
AAL,2021-01-08,15.43,15.53,15,15.13,55656400,15.13
AAL,2021-01-11,14.82,15.04,14.71,15,40545300,15
AAL,2021-01-12,15.08,15.43,14.88,15.38,45742400,15.38
AAL,2021-01-13,15.29,15.63,15.11,15.53,42629300,15.53
AAL,2021-01-14,15.83,16.6,15.82,16.440001,79900900,16.440001
AAL,2021-01-15,16.17,16.280001,15.74,15.76,55175800,15.76
AAL,2021-01-19,15.99,16.27,15.89,15.97,39740200,15.97
AAL,2021-01-20,16.17,16.389999,15.84,16.17,42354500,16.17
AAL,2021-01-21,15.99,16.219999,15.56,15.83,50639200,15.83
AAL,2021-01-22,15.57,15.84,15.46,15.82,39126600,15.82
AAL,2021-01-25,15.52,15.56,15.02,15.43,61954500,15.43
AAL,2021-01-26,15.52,15.77,15.33,15.53,44571100,15.53
AAL,2021-01-27,15.42,17.809999,15.38,16.559999,178529000,16.559999
AAL,2021-01-28,20.33,21.77,16.82,18.1,319607600,18.1
AAL,2021-01-29,18.690001,18.73,16.75,17.17,113054800,17.17
AAL,2021-02-01,17.25,17.33,16.33,16.84,49436000,16.84
AAL,2021-02-02,17.030001,17.26,16.549999,16.59,39287800,16.59
AAL,2021-02-03,16.610001,17.719999,16.49,17.6,61414800,17.6
AAL,2021-02-04,17.48,17.59,17.309999,17.4,37606800,17.4
AAL,2021-02-05,17.6,17.67,17.07,17.190001,30910200,17.190001
AAL,2021-02-08,17.32,18.09,17.24,17.77,44177500,17.77
AAL,2021-02-09,17.74,17.76,17.34,17.440001,29972900,17.440001
AAL,2021-02-10,17.549999,17.68,17.27,17.41,28503000,17.41
AAL,2021-02-11,17.299999,17.4,16.790001,16.99,38746400,16.99
AAL,2021-02-12,17.01,17.49,16.92,17.27,27522500,17.27
AAL,2021-02-16,17.629999,17.9,17.51,17.82,33615500,17.82
AAL,2021-02-17,17.690001,18.34,17.48,17.99,35475700,17.99
AAL,2021-02-18,17.83,17.98,17.450001,17.709999,26328200,17.709999
AAL,2021-02-19,17.9,18.83,17.780001,18.68,48663800,18.68
AAL,2021-02-22,19.84,21.110001,19.309999,20.440001,99937700,20.440001
AAL,2021-02-23,20.68,21.049999,18.74,20.66,78817600,20.66
AAL,2021-02-24,20.870001,22.120001,20.75,21.82,74610200,21.82
AAL,2021-02-25,22.129999,22.440001,20.379999,20.860001,65571000,20.860001
AAL,2021-02-26,20.610001,21.43,20.34,20.940001,42397300,20.940001
AAL,2021-03-01,21.75,22.290001,21.049999,21.18,45406100,21.18
AAL,2021-03-02,21.280001,21.629999,21.120001,21.440001,27558200,21.440001
AAL,2021-03-03,21.870001,22.59,21.73,22.17,49301300,22.17
AAL,2021-03-04,22.280001,22.42,20.41,21.24,61124200,21.24
AAL,2021-03-05,21.4,21.5,18.940001,20.450001,63183900,20.450001
AAL,2021-03-08,20.780001,21.709999,20.65,21.469999,39776900,21.469999
AAL,2021-03-09,21.59,21.809999,20.66,21.6,39820400,21.6
AAL,2021-03-10,21.67,22.48,21.370001,21.75,44224900,21.75
AAL,2021-03-11,22,22.5,21.77,22.15,39002400,22.15
AAL,2021-03-12,22.18,23.540001,22.129999,23.370001,55260300,23.370001
AAL,2021-03-15,24.549999,25.940001,24.209999,25.17,93746800,25.17
AAL,2021-03-16,25.110001,25.25,24.309999,24.469999,47923600,24.469999
AAL,2021-03-17,24.120001,25.219999,23.9,25.16,38540100,25.16
AAL,2021-03-18,25.120001,26.09,24.549999,24.700001,53228500,24.700001
AAL,2021-03-19,24.68,25.110001,23.879999,24.969999,49461200,24.969999
AAL,2021-03-22,24.620001,24.700001,23.76,23.83,42676000,23.83
AAL,2021-03-23,23.35,23.66,22.08,22.27,55290700,22.27
AAL,2021-03-24,22.790001,23.18,21.76,21.809999,44703900,21.809999
AAL,2021-03-25,21.25,22.92,21.02,22.77,49746900,22.77
AAL,2021-03-26,23.139999,23.290001,22.280001,22.93,36972400,22.93
AAL,2021-03-29,23.16,23.190001,22.4,22.91,30700100,22.91
AAL,2021-03-30,23.1,24.200001,23.02,24.120001,39747900,24.120001
AAL,2021-03-31,24.030001,24.120001,23.610001,23.9,29800300,23.9
AAL,2021-04-01,24.02,24.23,23.65,23.860001,25956200,23.860001
AAL,2021-04-05,24.459999,24.85,24.16,24.23,33657000,24.23
AAL,2021-04-06,24.200001,24.5,23.91,24.059999,31099400,24.059999
AAL,2021-04-07,24.190001,24.59,23.82,23.93,27792500,23.93
AAL,2021-04-08,23.879999,23.879999,22.629999,23.65,28606600,23.65
AAL,2021-04-09,23.450001,23.67,23.25,23.540001,21307700,23.540001
AAL,2021-04-12,23.23,23.32,22.719999,22.91,27165700,22.91
AAL,2021-04-13,22.18,22.65,21.66,22.559999,44741600,22.559999
AAL,2021-04-14,22.950001,23.35,22.200001,22.370001,33969600,22.370001
AAL,2021-04-15,22.65,22.67,21.700001,22.129999,34424100,22.129999
AAL,2021-04-16,22.059999,22.360001,21.870001,22.030001,25958000,22.030001
AAL,2021-04-19,21.969999,21.99,21.370001,21.549999,27424900,21.549999
AAL,2021-04-20,21.02,21.02,19.959999,20.370001,48820800,20.370001
AAL,2021-04-21,20.01,21.030001,19.639999,21.01,49376400,21.01
AAL,2021-04-22,21.58,21.610001,20.040001,20.07,72635100,20.07
AAL,2021-04-23,20.27,21.200001,20.18,21.110001,47995300,21.110001
AAL,2021-04-26,21.52,22.049999,21.48,22.040001,44349200,22.040001
AAL,2021-04-27,22.01,22.07,21.6,21.76,26767100,21.76
AAL,2021-04-28,21.639999,21.889999,21.48,21.700001,22572100,21.700001
AAL,2021-04-29,21.940001,22.15,21.209999,21.299999,34430900,21.299999
AAL,2021-04-30,21.17,21.879999,21.08,21.719999,31608800,21.719999
AAL,2021-05-03,21.870001,22.01,21.4,21.950001,27606100,21.950001
AAL,2021-05-04,21.780001,21.99,20.940001,21.42,36050800,21.42
AAL,2021-05-05,21.35,21.870001,21.190001,21.57,27984800,21.57
AAL,2021-05-06,21.51,21.75,21.16,21.49,25632600,21.49
AAL,2021-05-07,21.4,22.190001,21.27,22,32022900,22
AAL,2021-05-10,22.23,22.540001,21.959999,22,32570000,22
AAL,2021-05-11,21.07,21.700001,20.91,21.57,37417800,21.57
AAL,2021-05-12,21.360001,21.690001,20.690001,20.76,34605300,20.76
AAL,2021-05-13,20.879999,21.42,20.620001,21.209999,35238700,21.209999
AAL,2021-05-14,21.43,22.48,21.43,22.4,39182500,22.4
AAL,2021-05-17,22.32,23.4,22.1,23.35,40716100,23.35
AAL,2021-05-18,23.540001,23.940001,23.08,23.559999,38662400,23.559999
AAL,2021-05-19,22.969999,23.27,22.620001,22.969999,34558200,22.969999
AAL,2021-05-20,23.18,23.18,22.290001,22.6,33606500,22.6
AAL,2021-05-21,22.709999,23.040001,22.51,22.57,26246500,22.57
AAL,2021-05-24,22.85,23.049999,22.35,22.99,26159300,22.99
AAL,2021-05-25,23.450001,24.17,23.110001,23.209999,50630500,23.209999
AAL,2021-05-26,23.530001,23.950001,23.200001,23.9,29812700,23.9
AAL,2021-05-27,24.030001,24.49,23.68,24.43,36389500,24.43
AAL,2021-05-28,24.389999,24.82,24.129999,24.24,30594400,24.24
AAL,2021-06-01,24.68,25.09,24.51,24.67,36502400,24.67
AAL,2021-06-02,24.76,26.040001,24.65,25.82,57686200,25.82
AAL,2021-06-03,25.42,25.58,24.9,24.93,38254900,24.93
AAL,2021-06-04,25.129999,25.18,24.26,24.299999,28977300,24.299999
AAL,2021-06-07,24.49,24.77,24.18,24.25,21173200,24.25
AAL,2021-06-08,24.42,24.49,23.860001,24.219999,26105600,24.219999
AAL,2021-06-09,24.370001,24.41,23.84,23.85,20289000,23.85
AAL,2021-06-10,24.139999,24.24,23.26,23.459999,28988300,23.459999
AAL,2021-06-11,23.43,23.74,23.4,23.530001,24368000,23.530001
AAL,2021-06-14,23.49,23.74,22.93,22.99,22613100,22.99
AAL,2021-06-15,22.969999,23.129999,22.549999,22.790001,19062200,22.790001
AAL,2021-06-16,22.74,23,22.52,22.83,20296900,22.83
AAL,2021-06-17,22.83,23.129999,21.83,22.23,32879100,22.23
AAL,2021-06-18,22.07,22.530001,21.91,22.290001,28009900,22.290001
AAL,2021-06-21,22.32,22.549999,21.91,22.450001,26666200,22.450001
AAL,2021-06-22,22.35,22.379999,21.85,22.110001,22745000,22.110001
AAL,2021-06-23,22.17,22.34,22.08,22.200001,17394700,22.200001
AAL,2021-06-24,22.209999,22.5,21.950001,22.35,22667500,22.35
AAL,2021-06-25,22.33,22.48,22.07,22.219999,18738600,22.219999
AAL,2021-06-28,22.09,22.09,21.139999,21.389999,48437800,21.389999
AAL,2021-06-29,21.32,21.4,21.02,21.08,29157400,21.08
AAL,2021-06-30,21.09,21.48,20.940001,21.209999,26231800,21.209999
AAL,2021-07-01,21.469999,21.790001,21.33,21.51,22082700,21.51
AAL,2021-07-02,21.620001,21.65,21.110001,21.48,20814100,21.48
AAL,2021-07-06,21.5,21.790001,20.860001,21.01,24176500,21.01
AAL,2021-07-07,20.790001,21.049999,20.17,20.309999,30857000,20.309999
AAL,2021-07-08,19.879999,20.639999,19.66,20.35,28539300,20.35
AAL,2021-07-09,20.790001,21,20.5,20.889999,21730900,20.889999
AAL,2021-07-12,20.719999,20.98,20.35,20.84,20782200,20.84
AAL,2021-07-13,20.690001,20.700001,19.99,20.02,30951500,20.02
AAL,2021-07-14,20.870001,21.57,20.43,20.620001,55139500,20.620001
AAL,2021-07-15,20.559999,21.059999,20.15,20.459999,34187500,20.459999
AAL,2021-07-16,20.68,20.73,19.719999,19.790001,34523500,19.790001
AAL,2021-07-19,18.83,19.209999,18.280001,18.969999,63985800,18.969999
AAL,2021-07-20,19.049999,20.59,18.860001,20.559999,46295400,20.559999
AAL,2021-07-21,20.790001,21.549999,20.75,21.4,52282600,21.4
AAL,2021-07-22,21.059999,21.620001,20.59,21.16,39028300,21.16
AAL,2021-07-23,21.35,21.690001,21.02,21.200001,29379200,21.200001
AAL,2021-07-26,21.030001,22.110001,20.940001,22.08,31508800,22.08
AAL,2021-07-27,21.959999,22.16,21.110001,21.459999,30301300,21.459999
AAL,2021-07-28,21.610001,21.790001,21.23,21.629999,20077400,21.629999
AAL,2021-07-29,21.780001,21.780001,21.17,21.17,19391300,21.17
AAL,2021-07-30,20.84,21.15,20.24,20.379999,31201900,20.379999
AAL,2021-08-02,20.49,20.85,19.99,20.059999,27151300,20.059999
AAL,2021-08-03,20.08,20.08,19.309999,19.950001,36572600,19.950001
AAL,2021-08-04,19.52,19.950001,19.35,19.450001,30815400,19.450001
AAL,2021-08-05,19.469999,20.969999,19.450001,20.91,42900900,20.91
AAL,2021-08-06,21.129999,21.219999,20.52,21.02,28256200,21.02
AAL,2021-08-09,20.77,20.790001,20.059999,20.559999,32047600,20.559999
AAL,2021-08-10,20.5,21.4,20.379999,20.940001,31320900,20.940001
AAL,2021-08-11,20.629999,21.49,20.48,21.23,39902300,21.23
AAL,2021-08-12,21.030001,21.110001,20.309999,20.43,30369400,20.43
AAL,2021-08-13,20.370001,20.549999,19.75,19.84,30756200,19.84
AAL,2021-08-16,19.629999,20.02,19.34,19.76,25610400,19.76
AAL,2021-08-17,19.360001,19.610001,19.09,19.34,23686100,19.34
AAL,2021-08-18,19.34,19.66,19.040001,19.139999,24479500,19.139999
AAL,2021-08-19,19,19.200001,18.379999,18.73,37097100,18.73
AAL,2021-08-20,18.639999,18.860001,18.290001,18.5,28905400,18.5
AAL,2021-08-23,18.879999,19.32,18.809999,19.110001,23637500,19.110001
AAL,2021-08-24,19.4,20.02,19.389999,19.83,31550400,19.83
AAL,2021-08-25,19.77,20.24,19.42,20.15,26913300,20.15
AAL,2021-08-26,20,20.440001,19.58,19.9,22809500,19.9
AAL,2021-08-27,19.99,20.43,19.879999,20.219999,21553000,20.219999
AAL,2021-08-30,20.290001,20.299999,19.469999,19.51,24094300,19.51
AAL,2021-08-31,19.469999,20.02,19.360001,19.940001,24993200,19.940001
AAL,2021-09-01,20.01,20.1,19.530001,19.639999,20843200,19.639999
AAL,2021-09-02,19.73,19.98,19.48,19.76,20179400,19.76
AAL,2021-09-03,19.68,19.93,19.32,19.370001,20311900,19.370001
AAL,2021-09-07,19.360001,19.65,19.209999,19.530001,18291000,19.530001
AAL,2021-09-08,19.530001,19.799999,19.049999,19.129999,21836100,19.129999
AAL,2021-09-09,19.1,20.610001,19.01,20.200001,60077200,20.200001
AAL,2021-09-10,20.280001,20.290001,18.93,18.950001,54828500,18.950001
AAL,2021-09-13,19.16,19.52,18.639999,19.309999,42886000,19.309999
AAL,2021-09-14,19.35,19.52,19.040001,19.209999,23820100,19.209999
AAL,2021-09-15,19.190001,19.41,18.860001,19.379999,22989100,19.379999
AAL,2021-09-16,19.35,20.219999,19.32,19.889999,33586200,19.889999
AAL,2021-09-17,19.940001,20.32,19.540001,19.73,32602600,19.73
AAL,2021-09-20,19.719999,20.370001,19.34,20.33,43601300,20.33
AAL,2021-09-21,20.42,20.75,19.67,19.76,34050100,19.76
AAL,2021-09-22,19.93,20.75,19.93,20.52,39344300,20.52
AAL,2021-09-23,20.76,21.299999,20.65,20.9,51636300,20.9
AAL,2021-09-24,20.889999,21.620001,20.809999,21.389999,39971700,21.389999
AAL,2021-09-27,21.77,22.190001,21.459999,21.469999,33190500,21.469999
AAL,2021-09-28,21.35,21.809999,21.290001,21.43,26170200,21.43
AAL,2021-09-29,21.51,21.58,21,21.01,20467900,21.01
AAL,2021-09-30,20.870001,20.870001,20.370001,20.52,24079400,20.52
AAL,2021-10-01,21,21.780001,20.9,21.65,36430900,21.65
AAL,2021-10-04,21.92,22.08,21.290001,21.389999,28623400,21.389999
AAL,2021-10-05,21.5,21.85,21.25,21.469999,22580100,21.469999
AAL,2021-10-06,20.700001,21.01,20.309999,20.540001,37908500,20.540001
AAL,2021-10-07,20.84,20.9,20.08,20.17,29167200,20.17
AAL,2021-10-08,20.24,20.290001,19.879999,20.07,21634900,20.07
AAL,2021-10-11,19.98,20.51,19.85,20.129999,23646800,20.129999
AAL,2021-10-12,20.200001,20.4,20.030001,20.290001,18448400,20.290001
AAL,2021-10-13,20.25,20.25,19.530001,19.610001,33328000,19.610001
AAL,2021-10-14,19.77,19.940001,19.59,19.639999,21544600,19.639999
AAL,2021-10-15,20.02,20.33,19.92,19.98,27213300,19.98
AAL,2021-10-18,19.92,20.15,19.74,19.84,20604400,19.84
AAL,2021-10-19,19.93,19.940001,19.5,19.530001,25758300,19.530001
AAL,2021-10-20,19.59,19.84,19.219999,19.52,31618100,19.52
AAL,2021-10-21,19.620001,20.01,19.5,19.889999,29224700,19.889999
AAL,2021-10-22,19.719999,19.76,19.030001,19.15,36793100,19.15
JBLU,2021-01-04,14.65,14.67,13.94,14.03,8512300,14.03
JBLU,2021-01-05,14.02,14.5,13.97,14.29,8219100,14.29
JBLU,2021-01-06,14.38,14.97,14.26,14.57,12191600,14.57
JBLU,2021-01-07,14.68,14.85,14.49,14.51,7059500,14.51
JBLU,2021-01-08,14.75,14.93,14.5,14.69,6749900,14.69
JBLU,2021-01-11,14.38,14.69,14.3,14.54,5650300,14.54
JBLU,2021-01-12,14.64,14.96,14.43,14.81,8967400,14.81
JBLU,2021-01-13,14.76,15.05,14.48,14.92,8684300,14.92
JBLU,2021-01-14,15.24,16.030001,15.14,15.72,12520900,15.72
JBLU,2021-01-15,15.35,15.64,14.93,14.93,8461600,14.93
JBLU,2021-01-19,15.17,15.38,14.89,15.06,7843100,15.06
JBLU,2021-01-20,15.19,15.75,15.05,15.64,7424200,15.64
JBLU,2021-01-21,15.42,15.52,15.11,15.27,6894800,15.27
JBLU,2021-01-22,15.07,15.3,15.02,15.29,4820600,15.29
JBLU,2021-01-25,15.1,15.18,14.57,14.59,8928000,14.59
JBLU,2021-01-26,14.69,14.97,14.66,14.85,7328500,14.85
JBLU,2021-01-27,14.53,15.1,14.52,14.68,10653700,14.68
JBLU,2021-01-28,15.15,15.7,14.58,14.65,14906000,14.65
JBLU,2021-01-29,14.63,14.75,14.24,14.34,9805300,14.34
JBLU,2021-02-01,14.42,14.49,14.05,14.32,6497900,14.32
JBLU,2021-02-02,14.64,14.64,14.25,14.43,9029000,14.43
JBLU,2021-02-03,14.49,15.06,14.34,15,13120200,15
JBLU,2021-02-04,15.09,16.200001,15.02,15.95,17360500,15.95
JBLU,2021-02-05,16.120001,16.15,15.55,15.8,7024800,15.8
JBLU,2021-02-08,15.89,16.75,15.89,16.459999,10077100,16.459999
JBLU,2021-02-09,16.379999,16.379999,16.01,16.309999,8073700,16.309999
JBLU,2021-02-10,16.4,16.74,16.299999,16.639999,6513100,16.639999
JBLU,2021-02-11,16.540001,16.65,16.08,16.52,5798900,16.52
JBLU,2021-02-12,16.41,16.639999,16.35,16.450001,6349300,16.450001
JBLU,2021-02-16,16.74,16.83,16.4,16.73,9633200,16.73
JBLU,2021-02-17,16.540001,17.059999,16.469999,16.92,5675300,16.92
JBLU,2021-02-18,16.75,16.84,16.42,16.809999,5174900,16.809999
JBLU,2021-02-19,16.950001,17.52,16.940001,17.389999,7000000,17.389999
JBLU,2021-02-22,18.09,18.799999,17.66,18.49,14051900,18.49
JBLU,2021-02-23,18.790001,19.440001,17.98,19.15,15476200,19.15
JBLU,2021-02-24,19.370001,19.879999,19.139999,19.139999,13941300,19.139999
JBLU,2021-02-25,19.200001,19.26,18.15,18.49,9857900,18.49
JBLU,2021-02-26,18.27,18.75,18.02,18.43,8001000,18.43
JBLU,2021-03-01,19.059999,19.25,18.389999,18.48,7700500,18.48
JBLU,2021-03-02,18.530001,18.639999,18.24,18.459999,4913300,18.459999
JBLU,2021-03-03,18.639999,19.370001,18.52,19.120001,8838700,19.120001
JBLU,2021-03-04,19.01,19.32,18.1,18.82,10587200,18.82
JBLU,2021-03-05,18.870001,18.99,17,18.629999,13585200,18.629999
JBLU,2021-03-08,18.91,20.52,18.9,20.459999,15703100,20.459999
JBLU,2021-03-09,20.4,20.51,19.74,20.25,9640500,20.25
JBLU,2021-03-10,20.42,20.67,19.799999,19.9,7195100,19.9
JBLU,2021-03-11,19.940001,19.940001,19.299999,19.43,11952400,19.43
JBLU,2021-03-12,19.51,20.6,19.459999,20.43,9517900,20.43
JBLU,2021-03-15,21.25,21.73,20.709999,21.639999,14640500,21.639999
JBLU,2021-03-16,21.559999,21.6,20.52,20.74,8906100,20.74
JBLU,2021-03-17,20.629999,21.27,20.629999,21.18,7052700,21.18
JBLU,2021-03-18,21.040001,21.559999,20.49,20.700001,8361200,20.700001
JBLU,2021-03-19,20.700001,21.18,20.34,21,8677300,21
JBLU,2021-03-22,20.110001,20.209999,19.139999,19.200001,21252300,19.200001
JBLU,2021-03-23,19.43,19.870001,18.92,19.25,14798500,19.25
JBLU,2021-03-24,19.59,19.75,18.76,18.790001,9453400,18.790001
JBLU,2021-03-25,18.440001,19.719999,18.309999,19.639999,9254300,19.639999
JBLU,2021-03-26,19.77,20.030001,19.290001,19.690001,5635200,19.690001
JBLU,2021-03-29,19.82,19.85,19.17,19.59,6605000,19.59
JBLU,2021-03-30,19.639999,20.690001,19.639999,20.57,9454200,20.57
JBLU,2021-03-31,20.549999,20.58,20.129999,20.34,6771200,20.34
JBLU,2021-04-01,20.32,20.690001,20.290001,20.370001,4946300,20.370001
JBLU,2021-04-05,21.18,21.709999,20.92,21.17,14706200,21.17
JBLU,2021-04-06,21.41,21.959999,21.219999,21.25,8667100,21.25
JBLU,2021-04-07,21.32,21.52,20.950001,21.049999,5806700,21.049999
JBLU,2021-04-08,20.889999,21.110001,20.33,21.09,6565100,21.09
JBLU,2021-04-09,20.950001,21.059999,20.65,21.059999,4964100,21.059999
JBLU,2021-04-12,20.860001,20.9,20.4,20.5,4904400,20.5
JBLU,2021-04-13,20.299999,20.809999,19.620001,20.77,9561600,20.77
JBLU,2021-04-14,21.360001,21.6,20.790001,20.83,8885500,20.83
JBLU,2021-04-15,21.110001,21.110001,20.5,20.690001,6765800,20.690001
JBLU,2021-04-16,20.75,20.92,20.280001,20.299999,5637000,20.299999
JBLU,2021-04-19,20.17,20.33,19.889999,20.190001,6118500,20.190001
JBLU,2021-04-20,19.959999,19.959999,18.969999,19.290001,8925100,19.290001
JBLU,2021-04-21,19.09,19.950001,18.77,19.91,7712900,19.91
JBLU,2021-04-22,20.110001,20.450001,19.77,19.85,8551600,19.85
JBLU,2021-04-23,19.98,20.440001,19.719999,20.280001,5497200,20.280001
JBLU,2021-04-26,20.6,20.870001,20.4,20.57,7296900,20.57
JBLU,2021-04-27,20,20.469999,19.84,20.120001,10782800,20.120001
JBLU,2021-04-28,20.01,20.26,19.92,20.02,6583900,20.02
JBLU,2021-04-29,20.25,20.34,19.809999,19.91,5233400,19.91
JBLU,2021-04-30,19.799999,20.43,19.790001,20.360001,7107200,20.360001
JBLU,2021-05-03,20.360001,20.4,19.629999,19.700001,8188800,19.700001
JBLU,2021-05-04,19.66,19.73,18.85,19.049999,8140900,19.049999
JBLU,2021-05-05,19,19.629999,18.870001,19.32,5302400,19.32
JBLU,2021-05-06,19.33,19.49,19.02,19.33,5757500,19.33
JBLU,2021-05-07,19.219999,19.709999,19.139999,19.559999,4694200,19.559999
JBLU,2021-05-10,19.620001,19.790001,19.26,19.27,4241400,19.27
JBLU,2021-05-11,18.700001,19.139999,18.459999,19.049999,5474500,19.049999
JBLU,2021-05-12,18.85,19.27,18.32,18.4,5506600,18.4
JBLU,2021-05-13,18.68,19.049999,18.48,18.950001,5735900,18.950001
JBLU,2021-05-14,19.219999,19.83,19.219999,19.68,5384500,19.68
JBLU,2021-05-17,19.51,19.950001,19.290001,19.91,4901400,19.91
JBLU,2021-05-18,20,20.49,19.780001,20.040001,6377100,20.040001
JBLU,2021-05-19,19.59,20.01,19.4,19.77,6793200,19.77
JBLU,2021-05-20,19.82,19.84,19.059999,19.58,6810800,19.58
JBLU,2021-05-21,19.65,19.799999,19.379999,19.4,4186800,19.4
JBLU,2021-05-24,19.52,20.110001,19.309999,20.030001,4915800,20.030001
JBLU,2021-05-25,20.4,20.889999,19.85,19.860001,9512700,19.860001
JBLU,2021-05-26,20.01,20.35,19.959999,20.33,4638100,20.33
JBLU,2021-05-27,20.540001,20.610001,20.25,20.549999,3860500,20.549999
JBLU,2021-05-28,20.530001,20.540001,20.059999,20.1,5053700,20.1
JBLU,2021-06-01,20.27,20.59,19.98,20.24,6479600,20.24
JBLU,2021-06-02,20.440001,20.450001,19.860001,19.92,7403700,19.92
JBLU,2021-06-03,19.74,19.74,18.99,19.040001,9615000,19.040001
JBLU,2021-06-04,19.24,19.280001,18.84,19.059999,6755400,19.059999
JBLU,2021-06-07,19.16,19.360001,19.049999,19.16,3968100,19.16
JBLU,2021-06-08,19.1,19.4,19.059999,19.33,6235100,19.33
JBLU,2021-06-09,19.299999,19.379999,18.799999,18.83,6847200,18.83
JBLU,2021-06-10,18.99,19.049999,18.389999,18.440001,6781400,18.440001
JBLU,2021-06-11,18.57,18.709999,18.52,18.65,9869400,18.65
JBLU,2021-06-14,18.620001,18.77,18.280001,18.33,5640900,18.33
JBLU,2021-06-15,18.299999,18.389999,17.969999,18.07,6430100,18.07
JBLU,2021-06-16,18.059999,18.219999,17.860001,18.030001,4639800,18.030001
JBLU,2021-06-17,18,18.16,17.299999,17.33,8474000,17.33
JBLU,2021-06-18,17.200001,17.559999,16.98,17.309999,10474900,17.309999
JBLU,2021-06-21,17.42,17.690001,17.25,17.65,6518500,17.65
JBLU,2021-06-22,17.65,17.65,17.219999,17.459999,4652000,17.459999
JBLU,2021-06-23,17.530001,17.58,17.24,17.32,6282200,17.32
JBLU,2021-06-24,17.360001,17.459999,17.15,17.370001,6073300,17.370001
JBLU,2021-06-25,17.379999,17.450001,17.120001,17.18,5395800,17.18
JBLU,2021-06-28,17.18,17.18,16.620001,16.93,9725700,16.93
JBLU,2021-06-29,16.92,17.030001,16.629999,16.709999,7732600,16.709999
JBLU,2021-06-30,16.719999,16.969999,16.700001,16.780001,11348900,16.780001
JBLU,2021-07-01,16.92,17.360001,16.91,17.120001,10403500,17.120001
JBLU,2021-07-02,17.16,17.200001,16.879999,17.1,4916800,17.1
JBLU,2021-07-06,17.129999,17.26,16.51,16.57,7897500,16.57
JBLU,2021-07-07,16.41,16.639999,15.99,16.16,6593700,16.16
JBLU,2021-07-08,15.83,16.4,15.72,16.059999,7462400,16.059999
JBLU,2021-07-09,16.290001,16.65,16.17,16.469999,6182000,16.469999
JBLU,2021-07-12,16.26,16.58,16.09,16.5,5260100,16.5
JBLU,2021-07-13,16.27,16.360001,15.81,15.85,7842300,15.85
JBLU,2021-07-14,16.07,16.290001,15.55,15.62,6683100,15.62
JBLU,2021-07-15,15.6,15.9,15.32,15.58,7026700,15.58
JBLU,2021-07-16,15.69,15.7,14.78,14.84,10322000,14.84
JBLU,2021-07-19,14.1,14.63,13.93,14.4,16568000,14.4
JBLU,2021-07-20,14.53,15.49,14.37,15.35,13561200,15.35
JBLU,2021-07-21,15.52,16.049999,15.5,15.87,10696400,15.87
JBLU,2021-07-22,15.68,15.92,15.32,15.66,7963000,15.66
JBLU,2021-07-23,15.72,15.87,15.48,15.53,3895800,15.53
JBLU,2021-07-26,15.53,16.09,15.52,16.07,6265900,16.07
JBLU,2021-07-27,15.59,15.6,14.79,14.96,15048300,14.96
JBLU,2021-07-28,15.15,15.51,14.92,15.31,10485900,15.31
JBLU,2021-07-29,15.45,15.51,15.14,15.15,7108600,15.15
JBLU,2021-07-30,14.93,15.19,14.67,14.79,8492800,14.79
JBLU,2021-08-02,14.86,15.32,14.66,14.69,9025400,14.69
JBLU,2021-08-03,14.73,14.81,14.34,14.78,6253900,14.78
JBLU,2021-08-04,14.54,14.76,14.34,14.47,8971600,14.47
JBLU,2021-08-05,14.55,15.34,14.55,15.17,7977600,15.17
JBLU,2021-08-06,15.38,15.43,15.05,15.25,5511900,15.25
JBLU,2021-08-09,15.1,15.29,14.76,15.14,7012400,15.14
JBLU,2021-08-10,15.21,15.73,15.07,15.5,7210900,15.5
JBLU,2021-08-11,15.36,15.86,15.27,15.83,7737200,15.83
JBLU,2021-08-12,15.72,15.79,15.38,15.6,6528800,15.6
JBLU,2021-08-13,15.57,15.61,15.3,15.35,4207300,15.35
JBLU,2021-08-16,15.1,15.29,14.9,15.14,6282800,15.14
JBLU,2021-08-17,14.91,14.95,14.55,14.76,6847500,14.76
JBLU,2021-08-18,14.69,14.92,14.49,14.53,6273400,14.53
JBLU,2021-08-19,14.39,14.5,13.96,14.11,7460200,14.11
JBLU,2021-08-20,14.07,14.26,14.03,14.16,5507800,14.16
JBLU,2021-08-23,14.45,14.81,14.44,14.72,6744300,14.72
JBLU,2021-08-24,15,15.37,14.96,15.27,6985700,15.27
JBLU,2021-08-25,15.35,15.55,15.13,15.37,4997900,15.37
JBLU,2021-08-26,15.21,15.46,14.94,15.17,6145000,15.17
JBLU,2021-08-27,15.23,15.57,15.17,15.42,5241000,15.42
JBLU,2021-08-30,15.5,15.55,14.84,14.93,7230600,14.93
JBLU,2021-08-31,14.86,15.3,14.84,15.13,5766300,15.13
JBLU,2021-09-01,15.21,15.32,14.98,15.09,4126400,15.09
JBLU,2021-09-02,15.1,15.42,14.96,15.2,5712700,15.2
JBLU,2021-09-03,15.18,15.26,14.83,14.94,4887300,14.94
JBLU,2021-09-07,14.86,15.06,14.78,15,4931800,15
JBLU,2021-09-08,15,15.16,14.66,14.71,5353100,14.71
JBLU,2021-09-09,14.67,15.69,14.65,15.3,11304500,15.3
JBLU,2021-09-10,15.37,15.37,14.6,14.68,8960500,14.68
JBLU,2021-09-13,14.79,15.12,14.48,15.04,6342600,15.04
JBLU,2021-09-14,15.03,15.09,14.74,14.86,5557300,14.86
JBLU,2021-09-15,14.78,14.97,14.59,14.96,4540000,14.96
JBLU,2021-09-16,14.98,15.43,14.96,15.23,6623900,15.23
JBLU,2021-09-17,15.29,15.59,15.1,15.22,7411300,15.22
JBLU,2021-09-20,15.11,15.52,14.87,15.51,6835400,15.51
JBLU,2021-09-21,15.55,15.7,14.65,14.76,12548400,14.76
JBLU,2021-09-22,14.89,15.4,14.81,15.18,7014600,15.18
JBLU,2021-09-23,15.42,15.88,15.34,15.73,7152700,15.73
JBLU,2021-09-24,15.67,16.17,15.67,16.049999,7234700,16.049999
JBLU,2021-09-27,16.200001,16.559999,16.08,16.129999,7023700,16.129999
JBLU,2021-09-28,16.139999,16.33,15.92,15.96,5578800,15.96
JBLU,2021-09-29,16.049999,16.09,15.66,15.67,8068700,15.67
JBLU,2021-09-30,15.6,15.61,15.13,15.29,7491600,15.29
JBLU,2021-10-01,15.72,16.52,15.7,16.309999,11414500,16.309999
JBLU,2021-10-04,16.48,16.65,16.139999,16.17,8422200,16.17
JBLU,2021-10-05,16.24,16.450001,15.99,16.120001,6541700,16.120001
JBLU,2021-10-06,15.58,15.76,15.13,15.69,9828300,15.69
JBLU,2021-10-07,15.85,15.86,15.45,15.5,6773100,15.5
JBLU,2021-10-08,15.57,15.7,15.42,15.54,3828300,15.54
JBLU,2021-10-11,15.35,15.74,15.29,15.45,4282800,15.45
JBLU,2021-10-12,15.47,15.85,15.33,15.82,7256000,15.82
JBLU,2021-10-13,15.65,15.66,15.12,15.32,8332400,15.32
JBLU,2021-10-14,15.43,15.64,15.36,15.45,6113600,15.45
JBLU,2021-10-15,15.71,15.84,15.26,15.28,8234000,15.28
JBLU,2021-10-18,15.1,15.19,14.87,14.96,7935400,14.96
JBLU,2021-10-19,14.99,15.01,14.78,14.9,6313500,14.9
JBLU,2021-10-20,14.92,15.09,14.74,14.9,5793200,14.9
JBLU,2021-10-21,14.94,15.14,14.78,14.86,5986600,14.86
JBLU,2021-10-22,14.81,14.85,14.56,14.64,6589300,14.64
